/*
 Navicat Premium Data Transfer

 Source Server         : localhost
 Source Server Type    : MySQL
 Source Server Version : 50710
 Source Host           : localhost
 Source Database       : rest

 Target Server Type    : MySQL
 Target Server Version : 50710
 File Encoding         : utf-8

 Date: 08/21/2018 00:25:25 AM
*/

SET NAMES utf8mb4;
SET FOREIGN_KEY_CHECKS = 0;

-- ----------------------------
--  Table structure for `auth_group`
-- ----------------------------
DROP TABLE IF EXISTS `auth_group`;
CREATE TABLE `auth_group` (
  `id` int(11) NOT NULL AUTO_INCREMENT,
  `name` varchar(80) NOT NULL,
  PRIMARY KEY (`id`),
  UNIQUE KEY `name` (`name`)
) ENGINE=InnoDB DEFAULT CHARSET=utf8;

-- ----------------------------
--  Table structure for `auth_group_permissions`
-- ----------------------------
DROP TABLE IF EXISTS `auth_group_permissions`;
CREATE TABLE `auth_group_permissions` (
  `id` int(11) NOT NULL AUTO_INCREMENT,
  `group_id` int(11) NOT NULL,
  `permission_id` int(11) NOT NULL,
  PRIMARY KEY (`id`),
  UNIQUE KEY `auth_group_permissions_group_id_permission_id_0cd325b0_uniq` (`group_id`,`permission_id`),
  KEY `auth_group_permissio_permission_id_84c5c92e_fk_auth_perm` (`permission_id`),
  CONSTRAINT `auth_group_permissio_permission_id_84c5c92e_fk_auth_perm` FOREIGN KEY (`permission_id`) REFERENCES `auth_permission` (`id`),
  CONSTRAINT `auth_group_permissions_group_id_b120cbf9_fk_auth_group_id` FOREIGN KEY (`group_id`) REFERENCES `auth_group` (`id`)
) ENGINE=InnoDB DEFAULT CHARSET=utf8;

-- ----------------------------
--  Table structure for `auth_permission`
-- ----------------------------
DROP TABLE IF EXISTS `auth_permission`;
CREATE TABLE `auth_permission` (
  `id` int(11) NOT NULL AUTO_INCREMENT,
  `name` varchar(255) NOT NULL,
  `content_type_id` int(11) NOT NULL,
  `codename` varchar(100) NOT NULL,
  PRIMARY KEY (`id`),
  UNIQUE KEY `auth_permission_content_type_id_codename_01ab375a_uniq` (`content_type_id`,`codename`),
  CONSTRAINT `auth_permission_content_type_id_2f476e4b_fk_django_co` FOREIGN KEY (`content_type_id`) REFERENCES `django_content_type` (`id`)
) ENGINE=InnoDB AUTO_INCREMENT=19 DEFAULT CHARSET=utf8;

-- ----------------------------
--  Records of `auth_permission`
-- ----------------------------
BEGIN;
INSERT INTO `auth_permission` VALUES ('1', 'Can add log entry', '1', 'add_logentry'), ('2', 'Can change log entry', '1', 'change_logentry'), ('3', 'Can delete log entry', '1', 'delete_logentry'), ('4', 'Can add group', '2', 'add_group'), ('5', 'Can change group', '2', 'change_group'), ('6', 'Can delete group', '2', 'delete_group'), ('7', 'Can add permission', '3', 'add_permission'), ('8', 'Can change permission', '3', 'change_permission'), ('9', 'Can delete permission', '3', 'delete_permission'), ('10', 'Can add user', '4', 'add_user'), ('11', 'Can change user', '4', 'change_user'), ('12', 'Can delete user', '4', 'delete_user'), ('13', 'Can add content type', '5', 'add_contenttype'), ('14', 'Can change content type', '5', 'change_contenttype'), ('15', 'Can delete content type', '5', 'delete_contenttype'), ('16', 'Can add session', '6', 'add_session'), ('17', 'Can change session', '6', 'change_session'), ('18', 'Can delete session', '6', 'delete_session');
COMMIT;

-- ----------------------------
--  Table structure for `auth_user`
-- ----------------------------
DROP TABLE IF EXISTS `auth_user`;
CREATE TABLE `auth_user` (
  `id` int(11) NOT NULL AUTO_INCREMENT,
  `password` varchar(128) NOT NULL,
  `last_login` datetime(6) DEFAULT NULL,
  `is_superuser` tinyint(1) NOT NULL,
  `username` varchar(150) NOT NULL,
  `first_name` varchar(30) NOT NULL,
  `last_name` varchar(30) NOT NULL,
  `email` varchar(254) NOT NULL,
  `is_staff` tinyint(1) NOT NULL,
  `is_active` tinyint(1) NOT NULL,
  `date_joined` datetime(6) NOT NULL,
  PRIMARY KEY (`id`),
  UNIQUE KEY `username` (`username`)
) ENGINE=InnoDB AUTO_INCREMENT=2 DEFAULT CHARSET=utf8;

-- ----------------------------
--  Records of `auth_user`
-- ----------------------------
BEGIN;
INSERT INTO `auth_user` VALUES ('1', 'pbkdf2_sha256$36000$wa3A5NwVZA4s$ioRWyAX9IKGImGo+1sSFtL02vn0hbsRQSSyX9RCMhUY=', '2018-08-19 14:27:59.222309', '1', 'admin', '', '', 'admin@yzt.com', '1', '1', '2018-08-18 20:18:41.440802');
COMMIT;

-- ----------------------------
--  Table structure for `auth_user_groups`
-- ----------------------------
DROP TABLE IF EXISTS `auth_user_groups`;
CREATE TABLE `auth_user_groups` (
  `id` int(11) NOT NULL AUTO_INCREMENT,
  `user_id` int(11) NOT NULL,
  `group_id` int(11) NOT NULL,
  PRIMARY KEY (`id`),
  UNIQUE KEY `auth_user_groups_user_id_group_id_94350c0c_uniq` (`user_id`,`group_id`),
  KEY `auth_user_groups_group_id_97559544_fk_auth_group_id` (`group_id`),
  CONSTRAINT `auth_user_groups_group_id_97559544_fk_auth_group_id` FOREIGN KEY (`group_id`) REFERENCES `auth_group` (`id`),
  CONSTRAINT `auth_user_groups_user_id_6a12ed8b_fk_auth_user_id` FOREIGN KEY (`user_id`) REFERENCES `auth_user` (`id`)
) ENGINE=InnoDB DEFAULT CHARSET=utf8;

-- ----------------------------
--  Table structure for `auth_user_user_permissions`
-- ----------------------------
DROP TABLE IF EXISTS `auth_user_user_permissions`;
CREATE TABLE `auth_user_user_permissions` (
  `id` int(11) NOT NULL AUTO_INCREMENT,
  `user_id` int(11) NOT NULL,
  `permission_id` int(11) NOT NULL,
  PRIMARY KEY (`id`),
  UNIQUE KEY `auth_user_user_permissions_user_id_permission_id_14a6b632_uniq` (`user_id`,`permission_id`),
  KEY `auth_user_user_permi_permission_id_1fbb5f2c_fk_auth_perm` (`permission_id`),
  CONSTRAINT `auth_user_user_permi_permission_id_1fbb5f2c_fk_auth_perm` FOREIGN KEY (`permission_id`) REFERENCES `auth_permission` (`id`),
  CONSTRAINT `auth_user_user_permissions_user_id_a95ead1b_fk_auth_user_id` FOREIGN KEY (`user_id`) REFERENCES `auth_user` (`id`)
) ENGINE=InnoDB DEFAULT CHARSET=utf8;

-- ----------------------------
--  Table structure for `django_admin_log`
-- ----------------------------
DROP TABLE IF EXISTS `django_admin_log`;
CREATE TABLE `django_admin_log` (
  `id` int(11) NOT NULL AUTO_INCREMENT,
  `action_time` datetime(6) NOT NULL,
  `object_id` longtext,
  `object_repr` varchar(200) NOT NULL,
  `action_flag` smallint(5) unsigned NOT NULL,
  `change_message` longtext NOT NULL,
  `content_type_id` int(11) DEFAULT NULL,
  `user_id` int(11) NOT NULL,
  PRIMARY KEY (`id`),
  KEY `django_admin_log_content_type_id_c4bce8eb_fk_django_co` (`content_type_id`),
  KEY `django_admin_log_user_id_c564eba6_fk_auth_user_id` (`user_id`),
  CONSTRAINT `django_admin_log_content_type_id_c4bce8eb_fk_django_co` FOREIGN KEY (`content_type_id`) REFERENCES `django_content_type` (`id`),
  CONSTRAINT `django_admin_log_user_id_c564eba6_fk_auth_user_id` FOREIGN KEY (`user_id`) REFERENCES `auth_user` (`id`)
) ENGINE=InnoDB DEFAULT CHARSET=utf8;

-- ----------------------------
--  Table structure for `django_content_type`
-- ----------------------------
DROP TABLE IF EXISTS `django_content_type`;
CREATE TABLE `django_content_type` (
  `id` int(11) NOT NULL AUTO_INCREMENT,
  `app_label` varchar(100) NOT NULL,
  `model` varchar(100) NOT NULL,
  PRIMARY KEY (`id`),
  UNIQUE KEY `django_content_type_app_label_model_76bd3d3b_uniq` (`app_label`,`model`)
) ENGINE=InnoDB AUTO_INCREMENT=7 DEFAULT CHARSET=utf8;

-- ----------------------------
--  Records of `django_content_type`
-- ----------------------------
BEGIN;
INSERT INTO `django_content_type` VALUES ('1', 'admin', 'logentry'), ('2', 'auth', 'group'), ('3', 'auth', 'permission'), ('4', 'auth', 'user'), ('5', 'contenttypes', 'contenttype'), ('6', 'sessions', 'session');
COMMIT;

-- ----------------------------
--  Table structure for `django_migrations`
-- ----------------------------
DROP TABLE IF EXISTS `django_migrations`;
CREATE TABLE `django_migrations` (
  `id` int(11) NOT NULL AUTO_INCREMENT,
  `app` varchar(255) NOT NULL,
  `name` varchar(255) NOT NULL,
  `applied` datetime(6) NOT NULL,
  PRIMARY KEY (`id`)
) ENGINE=InnoDB AUTO_INCREMENT=14 DEFAULT CHARSET=utf8;

-- ----------------------------
--  Records of `django_migrations`
-- ----------------------------
BEGIN;
INSERT INTO `django_migrations` VALUES ('1', 'contenttypes', '0001_initial', '2018-08-18 20:15:13.388161'), ('2', 'auth', '0001_initial', '2018-08-18 20:15:17.114274'), ('3', 'admin', '0001_initial', '2018-08-18 20:15:17.656175'), ('4', 'admin', '0002_logentry_remove_auto_add', '2018-08-18 20:15:17.993515'), ('5', 'contenttypes', '0002_remove_content_type_name', '2018-08-18 20:15:18.555422'), ('6', 'auth', '0002_alter_permission_name_max_length', '2018-08-18 20:15:18.763087'), ('7', 'auth', '0003_alter_user_email_max_length', '2018-08-18 20:15:18.954568'), ('8', 'auth', '0004_alter_user_username_opts', '2018-08-18 20:15:18.972380'), ('9', 'auth', '0005_alter_user_last_login_null', '2018-08-18 20:15:19.129975'), ('10', 'auth', '0006_require_contenttypes_0002', '2018-08-18 20:15:19.135993'), ('11', 'auth', '0007_alter_validators_add_error_messages', '2018-08-18 20:15:19.160069'), ('12', 'auth', '0008_alter_user_username_max_length', '2018-08-18 20:15:19.436365'), ('13', 'sessions', '0001_initial', '2018-08-18 20:15:20.053788');
COMMIT;

-- ----------------------------
--  Table structure for `django_session`
-- ----------------------------
DROP TABLE IF EXISTS `django_session`;
CREATE TABLE `django_session` (
  `session_key` varchar(40) NOT NULL,
  `session_data` longtext NOT NULL,
  `expire_date` datetime(6) NOT NULL,
  PRIMARY KEY (`session_key`),
  KEY `django_session_expire_date_a5c62663` (`expire_date`)
) ENGINE=InnoDB DEFAULT CHARSET=utf8;

-- ----------------------------
--  Records of `django_session`
-- ----------------------------
BEGIN;
INSERT INTO `django_session` VALUES ('kbnvj5lgjae2zl4ixs3heajic6u2k3mi', 'ZTA3YmYzNzQ5ZmEyMjk2YzY3NjQzNzdlYTYyZmZhMGI4NmRjNzI5NTp7Il9hdXRoX3VzZXJfaGFzaCI6ImNkOGE0ZDRhYmQ3YmE1MTFkYjEyOGI2ODI2MzljNTBlYWQ5YzJhYmYiLCJfYXV0aF91c2VyX2JhY2tlbmQiOiJkamFuZ28uY29udHJpYi5hdXRoLmJhY2tlbmRzLk1vZGVsQmFja2VuZCIsIl9hdXRoX3VzZXJfaWQiOiIxIn0=', '2018-09-02 14:27:59.272638'), ('tridttfddwe4c4p3tshv2t2viv35ajgg', 'ZTA3YmYzNzQ5ZmEyMjk2YzY3NjQzNzdlYTYyZmZhMGI4NmRjNzI5NTp7Il9hdXRoX3VzZXJfaGFzaCI6ImNkOGE0ZDRhYmQ3YmE1MTFkYjEyOGI2ODI2MzljNTBlYWQ5YzJhYmYiLCJfYXV0aF91c2VyX2JhY2tlbmQiOiJkamFuZ28uY29udHJpYi5hdXRoLmJhY2tlbmRzLk1vZGVsQmFja2VuZCIsIl9hdXRoX3VzZXJfaWQiOiIxIn0=', '2018-09-01 20:19:03.928549');
COMMIT;

-- ----------------------------
--  Table structure for `user`
-- ----------------------------
DROP TABLE IF EXISTS `user`;
CREATE TABLE `user` (
  `id` int(10) unsigned NOT NULL AUTO_INCREMENT,
  `name` varchar(50) DEFAULT NULL,
  `creater_time` datetime DEFAULT NULL,
  PRIMARY KEY (`id`)
) ENGINE=InnoDB AUTO_INCREMENT=3 DEFAULT CHARSET=utf8;

-- ----------------------------
--  Records of `user`
-- ----------------------------
BEGIN;
INSERT INTO `user` VALUES ('1', 'Google123', '2018-08-07 19:53:27'), ('2', 'yuzhiteng', '2018-08-08 19:53:41');
COMMIT;

SET FOREIGN_KEY_CHECKS = 1;
